{
    "variants": {
        "age=0": { "model": "examplemod:candybush_stage_0" },
        "age=1": { "model": "examplemod:candybush_stage_1" },
        "age=2": { "model": "examplemod:candybush_stage_2" },
        "age=3": { "model": "examplemod:candybush_stage_3" },
        "age=4": { "model": "examplemod:candybush_stage_3" },
        "age=5": { "model": "examplemod:candybush_stage_3" },
        "age=6": { "model": "examplemod:candybush_stage_3" },
        "age=7": { "model": "examplemod:candybush_stage_3" }
    }
}
